{
"type": "PowerTurret",
"name": "theat",
"description": "This turret is cheating",
"health": 1500000,
"reloadTime": 0.1,
"rotateSpeed": 120,
"powerUse": 0.1,
"targetAir": true,
"targetGround": true,
"range": 1500,
"size": 3,
"shootType": {
  "type": "LightningBulletType",
  "lightningColor": "#00DBCE",
  "lightningLength": 2300,
  "speed": 200,
  "lifetime": 6500,
  "damage": 210000,
  "ammoMultiplier": 100,
  "reloadMultiplier": 100
},
"cooldown": 0.1,
"heatColor": "#ff0000",

"requirements": [
	{ "item": "copper", "amount": 1  }
],
"category": "turret",
"research": "copper-wall"
}